-- 城市转换标准：
-- 北京南/北京 → New York
-- 济南西/德州 → Chicago
-- 南京南/南京 → San Francisco
-- 杭州东 → Boston
-- 杭州 → Los Angeles
-- 宁波 → Philadelphia
-- 嘉兴 → Washington D.C.
-- 海宁 → Denver

INSERT INTO `t_station` (`id`, `code`, `name`, `popular_flag`, `create_time`, `update_time`, `del_flag`)
VALUES (1, 'NYC', 'New York', 1, '2023-06-01 20:54:00', '2023-06-01 20:54:00', 0),
       (2, 'CHI', 'Chicago', 1, '2023-06-01 20:54:00', '2023-06-01 20:54:00', 0),
       (3, 'SFO', 'San Francisco', 0, '2023-06-01 20:54:00', '2023-06-01 20:54:00', 0),
       (4, 'BOS', 'Boston', 0, '2023-06-01 20:54:00', '2023-06-01 20:54:00', 0),
       (5, 'WAS', 'Washington D.C.', 1, '2023-06-01 20:54:00', '2023-06-01 20:54:00', 0),
       (6, 'PHL', 'Philadelphia', 0, '2023-06-01 20:54:00', '2023-06-01 20:54:00', 0),
       (7, 'LAX', 'Los Angeles', 1, '2023-06-01 20:54:00', '2023-06-01 20:54:00', 0),
       (8, 'SEA', 'Seattle', 0, '2023-06-01 20:54:00', '2023-06-01 20:54:00', 0),
       (9, 'MSY', 'New Orleans', 0, '2023-06-01 20:54:00', '2023-06-01 20:54:00', 0),
       (10, 'DEN', 'Denver', 0, '2023-06-01 20:54:00', '2023-06-01 20:54:00', 0);

INSERT INTO `t_train` (`id`, `train_number`, `start_station`, `end_station`, `sale_time`, `sale_status`, 
                     `departure_time`, `arrival_time`, `create_time`, `update_time`, `del_flag`)
VALUES (1, 'US101', 'New York', 'Philadelphia', '2025-05-15 14:30:00', 0, 
        '2025-06-01 09:56:00', '2025-06-01 15:14:00', '2023-06-01 20:45:00', '2023-06-01 20:45:00', 0),
       
       (2, 'US202', 'New York', 'Boston', '2025-05-15 14:30:00', 0, 
        '2025-06-01 19:04:00', '2025-06-01 23:22:00', '2023-06-01 20:45:00', '2023-06-01 20:45:00', 0),
       
       (3, 'US303', 'New York', 'Los Angeles', '2025-05-15 14:30:00', 0, 
        '2025-06-01 19:16:00', '2025-06-02 09:00:00', '2023-06-01 20:45:00', '2023-06-01 20:45:00', 0),
       
       (4, 'US404', 'New York', 'Boston', '2025-05-15 14:30:00', 0, 
        '2025-06-01 18:56:00', '2025-06-02 10:57:00', '2023-06-01 20:45:00', '2023-06-01 20:45:00', 0);

INSERT INTO `t_carriage` (`id`, `train_id`, `carriage_number`, `carriage_type`, `seat_count`, `create_time`,
                          `update_time`, `del_flag`)
VALUES (1, 1, '01', 0, 5, '2023-06-01 20:50:00', '2023-06-01 20:50:00', 0),
       (2, 1, '02', 1, 28, '2023-06-01 20:50:00', '2023-06-01 20:50:00', 0),
       (3, 1, '03', 1, 28, '2023-06-01 20:50:00', '2023-06-01 20:50:00', 0),
       (4, 1, '04', 1, 28, '2023-06-01 20:50:00', '2023-06-01 20:50:00', 0),
       (5, 1, '05', 1, 28, '2023-06-01 20:50:00', '2023-06-01 20:50:00', 0),
       (6, 1, '06', 1, 28, '2023-06-01 20:50:00', '2023-06-01 20:50:00', 0),
       (7, 1, '07', 2, 90, '2023-06-01 20:50:00', '2023-06-01 20:50:00', 0),
       (8, 1, '08', 2, 90, '2023-06-01 20:50:00', '2023-06-01 20:50:00', 0),
       (9, 1, '09', 2, 90, '2023-06-01 20:50:00', '2023-06-01 20:50:00', 0),
       (10, 1, '10', 2, 90, '2023-06-01 20:50:00', '2023-06-01 20:50:00', 0),
       (11, 1, '11', 2, 90, '2023-06-01 20:50:00', '2023-06-01 20:50:00', 0),
       (12, 1, '12', 2, 90, '2023-06-01 20:50:00', '2023-06-01 20:50:00', 0),
       (13, 1, '13', 2, 90, '2023-06-01 20:50:00', '2023-06-01 20:50:00', 0),
       (14, 1, '14', 2, 90, '2023-06-01 20:50:00', '2023-06-01 20:50:00', 0),
       (15, 1, '15', 2, 90, '2023-06-01 20:50:00', '2023-06-01 20:50:00', 0),
       (16, 1, '16', 0, 5, '2023-06-01 20:50:00', '2023-06-01 20:50:00', 0),
       (17, 2, '01', 0, 5, '2023-06-01 20:50:00', '2023-06-01 20:50:00', 0),
       (18, 2, '02', 1, 28, '2023-06-01 20:50:00', '2023-06-01 20:50:00', 0),
       (19, 2, '03', 1, 28, '2023-06-01 20:50:00', '2023-06-01 20:50:00', 0),
       (20, 2, '04', 1, 28, '2023-06-01 20:50:00', '2023-06-01 20:50:00', 0),
       (21, 2, '05', 1, 28, '2023-06-01 20:50:00', '2023-06-01 20:50:00', 0),
       (22, 2, '06', 1, 28, '2023-06-01 20:50:00', '2023-06-01 20:50:00', 0),
       (23, 2, '07', 2, 90, '2023-06-01 20:50:00', '2023-06-01 20:50:00', 0),
       (24, 2, '08', 2, 90, '2023-06-01 20:50:00', '2023-06-01 20:50:00', 0),
       (25, 2, '09', 2, 90, '2023-06-01 20:50:00', '2023-06-01 20:50:00', 0),
       (26, 2, '10', 2, 90, '2023-06-01 20:50:00', '2023-06-01 20:50:00', 0),
       (27, 2, '11', 2, 90, '2023-06-01 20:50:00', '2023-06-01 20:50:00', 0),
       (28, 2, '12', 2, 90, '2023-06-01 20:50:00', '2023-06-01 20:50:00', 0),
       (29, 2, '13', 2, 90, '2023-06-01 20:50:00', '2023-06-01 20:50:00', 0),
       (30, 2, '14', 2, 90, '2023-06-01 20:50:00', '2023-06-01 20:50:00', 0),
       (31, 2, '15', 2, 90, '2023-06-01 20:50:00', '2023-06-01 20:50:00', 0),
       (32, 2, '16', 0, 5, '2023-06-01 20:50:00', '2023-06-01 20:50:00', 0),
       (33, 3, '01', 3, 24, '2023-07-08 13:17:02', '2023-07-08 13:17:02', 0),
       (34, 3, '02', 3, 24, '2023-07-08 13:17:02', '2023-07-08 13:17:02', 0),
       (35, 3, '03', 3, 24, '2023-07-08 13:17:02', '2023-07-08 13:17:02', 0),
       (36, 3, '04', 3, 24, '2023-07-08 13:17:02', '2023-07-08 13:17:02', 0),
       (37, 3, '05', 4, 32, '2023-07-08 13:17:02', '2023-07-08 13:17:02', 0),
       (38, 3, '06', 4, 32, '2023-07-08 13:17:02', '2023-07-08 13:17:02', 0),
       (39, 3, '07', 4, 32, '2023-07-08 13:17:02', '2023-07-08 13:17:02', 0),
       (40, 3, '08', 4, 32, '2023-07-08 13:17:02', '2023-07-08 13:17:02', 0),
       (41, 3, '09', 4, 32, '2023-07-08 13:17:02', '2023-07-08 13:17:02', 0),
       (42, 3, '10', 4, 32, '2023-07-08 13:17:02', '2023-07-08 13:17:02', 0),
       (43, 3, '11', 5, 36, '2023-07-08 13:17:02', '2023-07-08 13:17:02', 0),
       (44, 3, '12', 5, 36, '2023-07-08 13:17:02', '2023-07-08 13:17:02', 0),
       (45, 3, '13', 5, 36, '2023-07-08 13:17:02', '2023-07-08 13:17:02', 0),
       (46, 3, '14', 5, 36, '2023-07-08 13:17:02', '2023-07-08 13:17:02', 0),
       (47, 3, '15', 5, 36, '2023-07-08 13:17:02', '2023-07-08 13:17:02', 0),
       (48, 3, '16', 5, 36, '2023-07-08 13:17:02', '2023-07-08 13:17:02', 0),
       (49, 4, '01', 6, 24, '2023-07-08 22:41:14', '2023-07-08 22:41:14', 0),
       (50, 4, '02', 6, 24, '2023-07-08 22:41:14', '2023-07-08 22:41:14', 0),
       (51, 4, '03', 6, 24, '2023-07-08 22:41:14', '2023-07-08 22:41:14', 0),
       (52, 4, '04', 6, 24, '2023-07-08 22:41:14', '2023-07-08 22:41:14', 0),
       (53, 4, '05', 7, 32, '2023-07-08 22:41:14', '2023-07-08 22:41:14', 0),
       (54, 4, '06', 7, 32, '2023-07-08 22:41:14', '2023-07-08 22:41:14', 0),
       (55, 4, '07', 7, 32, '2023-07-08 22:41:14', '2023-07-08 22:41:14', 0),
       (56, 4, '08', 7, 32, '2023-07-08 22:41:14', '2023-07-08 22:41:14', 0),
       (57, 4, '09', 7, 32, '2023-07-08 22:41:14', '2023-07-08 22:41:14', 0),
       (58, 4, '10', 7, 32, '2023-07-08 22:41:14', '2023-07-08 22:41:14', 0),
       (59, 4, '11', 8, 36, '2023-07-08 22:41:14', '2023-07-08 22:41:14', 0),
       (60, 4, '12', 8, 36, '2023-07-08 22:41:14', '2023-07-08 22:41:14', 0),
       (61, 4, '13', 8, 36, '2023-07-08 22:41:14', '2023-07-08 22:41:14', 0),
       (62, 4, '14', 8, 36, '2023-07-08 22:41:14', '2023-07-08 22:41:14', 0),
       (63, 4, '15', 8, 36, '2023-07-08 22:41:14', '2023-07-08 22:41:14', 0),
       (64, 4, '16', 8, 36, '2023-07-08 22:41:14', '2023-07-08 22:41:14', 0);

INSERT INTO `t_train_station` (`id`, `train_id`, `station_id`, `sequence`, `departure`, `arrival`, `arrival_time`, `departure_time`, `stopover_time`, `create_time`, `update_time`, `del_flag`)
VALUES 
(1, 1, 1, '01', 'New York', 'Chicago', NULL, '2025-06-01 09:56:00', NULL, '2023-06-01 20:45:00', '2023-06-01 20:45:00', 0),
(2, 1, 2, '02', 'Chicago', 'San Francisco', '2025-06-01 11:19:00', '2025-06-01 11:21:00', 2, '2023-06-01 20:45:00', '2023-06-01 20:45:00', 0),
(3, 1, 3, '03', 'San Francisco', 'Boston', '2025-06-01 13:20:00', '2025-06-01 13:22:00', 2, '2023-06-01 20:45:00', '2023-06-01 20:45:00', 0),
(4, 1, 4, '04', 'Boston', 'Philadelphia', '2025-06-01 14:26:00', '2025-06-01 14:28:00', 2, '2023-06-01 20:45:00', '2023-06-01 20:45:00', 0),
(5, 1, 6, '05', 'Philadelphia', NULL, '2025-06-01 15:14:00', NULL, NULL, '2023-06-01 20:45:00', '2023-06-01 20:45:00', 0),
(6, 2, 1, '01', 'New York', 'San Francisco', NULL, '2025-06-01 19:04:00', NULL, '2023-06-01 20:45:00', '2023-06-01 20:45:00', 0),
(7, 2, 3, '02', 'San Francisco', 'Boston', '2025-06-01 22:17:00', '2025-06-01 22:20:00', 3, '2023-06-01 20:45:00', '2023-06-01 20:45:00', 0),
(8, 2, 4, '03', 'Boston', NULL, '2025-06-01 23:22:00', NULL, NULL, '2023-06-01 20:45:00', '2023-06-01 20:45:00', 0),
(9, 3, 1, '01', 'New York', 'Chicago', NULL, '2025-06-01 19:16:00', NULL, '2023-07-08 14:05:05', '2023-07-08 14:05:05', 0),
(10, 3, 2, '02', 'Chicago', 'San Francisco', '2025-06-01 22:19:00', '2025-06-01 22:21:00', 2, '2023-07-08 14:05:05', '2023-07-08 14:05:05', 0),
(11, 3, 3, '03', 'San Francisco', 'Washington D.C.', '2025-06-02 04:46:00', '2025-06-02 04:52:00', 6, '2023-07-08 14:05:05', '2023-07-08 14:05:05', 0),
(12, 3, 5, '04', 'Washington D.C.', 'Denver', '2025-06-02 07:56:00', '2025-06-02 07:58:00', 2, '2023-07-08 14:05:05', '2023-07-08 14:05:05', 0),
(13, 3, 10, '05', 'Denver', 'Los Angeles', '2025-06-02 08:14:00', '2025-06-02 08:16:00', 2, '2023-07-08 14:05:05', '2023-07-08 14:05:05', 0),
(14, 3, 7, '06', 'Los Angeles', NULL, '2025-06-02 09:00:00', NULL, NULL, '2023-07-08 14:05:05', '2023-07-08 14:05:05', 0),
(15, 4, 1, '01', 'New York', 'Boston', NULL, '2025-06-01 18:56:00', NULL, '2023-07-08 14:05:05', '2023-07-08 14:05:05', 0),
(16, 4, 4, '02', 'Boston', NULL, '2025-06-02 10:57:00', NULL, NULL, '2023-07-08 14:05:05', '2023-07-08 14:05:05', 0);

INSERT INTO `t_train_station_price` (`id`, `train_id`, `departure`, `arrival`, `seat_type`, `price`, `create_time`,
                                     `update_time`, `del_flag`)
VALUES (1664877136352866304, 1, 'New York', 'Chicago', 0, 78200, '2023-06-03 14:10:16', '2023-06-03 14:10:16', 0),
       (1664877136424169472, 1, 'New York', 'Chicago', 1, 35700, '2023-06-03 14:10:16', '2023-06-03 14:10:16', 0),
       (1664877136453529600, 1, 'New York', 'Chicago', 2, 22300, '2023-06-03 14:10:16', '2023-06-03 14:10:16', 0),
       (1664877136474501120, 1, 'New York', 'San Francisco', 0, 186400, '2023-06-03 14:10:16', '2023-06-03 14:10:16', 0),
       (1664877136487084032, 1, 'New York', 'San Francisco', 1, 85200, '2023-06-03 14:10:16', '2023-06-03 14:10:16', 0),
       (1664877136499666944, 1, 'New York', 'San Francisco', 2, 53300, '2023-06-03 14:10:16', '2023-06-03 14:10:16', 0),
       (1664877136516444160, 1, 'New York', 'Boston', 0, 231300, '2023-06-03 14:10:16', '2023-06-03 14:10:16', 0),
       (1664877136529027072, 1, 'New York', 'Boston', 1, 107700, '2023-06-03 14:10:16', '2023-06-03 14:10:16', 0),
       (1664877136541609984, 1, 'New York', 'Boston', 2, 67400, '2023-06-03 14:10:16', '2023-06-03 14:10:16', 0),
       (1664877136554192896, 1, 'New York', 'Philadelphia', 0, 253750, '2023-06-03 14:10:16', '2023-06-03 14:10:16', 0),
       (1664877136566775808, 1, 'New York', 'Philadelphia', 1, 119700, '2023-06-03 14:10:16', '2023-06-03 14:10:16', 0),
       (1664877136575164416, 1, 'New York', 'Philadelphia', 2, 74500, '2023-06-03 14:10:16', '2023-06-03 14:10:16', 0),
       (1664877136583553024, 1, 'Chicago', 'San Francisco', 0, 116500, '2023-06-03 14:10:16', '2023-06-03 14:10:16', 0),
       (1664877136596135936, 1, 'Chicago', 'San Francisco', 1, 53300, '2023-06-03 14:10:16', '2023-06-03 14:10:16', 0),
       (1664877136608718848, 1, 'Chicago', 'San Francisco', 2, 33300, '2023-06-03 14:10:16', '2023-06-03 14:10:16', 0),
       (1664877136621301760, 1, 'Chicago', 'Boston', 0, 161400, '2023-06-03 14:10:16', '2023-06-03 14:10:16', 0),
       (1664877136633884672, 1, 'Chicago', 'Boston', 1, 75800, '2023-06-03 14:10:16', '2023-06-03 14:10:16', 0),
       (1664877136650661888, 1, 'Chicago', 'Boston', 2, 47400, '2023-06-03 14:10:16', '2023-06-03 14:10:16', 0),
       (1664877136663244800, 1, 'Chicago', 'Philadelphia', 0, 183850, '2023-06-03 14:10:16', '2023-06-03 14:10:16', 0),
       (1664877136675827712, 1, 'Chicago', 'Philadelphia', 1, 87800, '2023-06-03 14:10:16', '2023-06-03 14:10:16', 0),
       (1664877136684216320, 1, 'Chicago', 'Philadelphia', 2, 54500, '2023-06-03 14:10:16', '2023-06-03 14:10:16', 0),
       (1664877136696799232, 1, 'San Francisco', 'Boston', 0, 44900, '2023-06-03 14:10:16', '2023-06-03 14:10:16', 0),
       (1664877136709382144, 1, 'San Francisco', 'Boston', 1, 22500, '2023-06-03 14:10:16', '2023-06-03 14:10:16', 0),
       (1664877136721965056, 1, 'San Francisco', 'Boston', 2, 14100, '2023-06-03 14:10:16', '2023-06-03 14:10:16', 0),
       (1664877136738742272, 1, 'San Francisco', 'Philadelphia', 0, 67350, '2023-06-03 14:10:16', '2023-06-03 14:10:16', 0),
       (1664877136747130880, 1, 'San Francisco', 'Philadelphia', 1, 34500, '2023-06-03 14:10:16', '2023-06-03 14:10:16', 0),
       (1664877136759713792, 1, 'San Francisco', 'Philadelphia', 2, 21200, '2023-06-03 14:10:16', '2023-06-03 14:10:16', 0),
       (1664877136772296704, 1, 'Boston', 'Philadelphia', 0, 22450, '2023-06-03 14:10:16', '2023-06-03 14:10:16', 0),
       (1664877136784879616, 1, 'Boston', 'Philadelphia', 1, 12000, '2023-06-03 14:10:16', '2023-06-03 14:10:16', 0),
       (1664877136797462528, 1, 'Boston', 'Philadelphia', 2, 7100, '2023-06-03 14:10:16', '2023-06-03 14:10:16', 0),
       (1677231730273529856, 2, 'New York', 'San Francisco', 0, 186400, '2023-06-03 14:10:16', '2023-06-03 14:10:16', 0),
       (1677231730323861504, 2, 'New York', 'San Francisco', 1, 85200, '2023-06-03 14:10:16', '2023-06-03 14:10:16', 0),
       (1677231730353221632, 2, 'New York', 'San Francisco', 2, 53300, '2023-06-03 14:10:16', '2023-06-03 14:10:16', 0),
       (1677231730386776064, 2, 'New York', 'Boston', 0, 231300, '2023-06-03 14:10:16', '2023-06-03 14:10:16', 0),
       (1677231730403553280, 2, 'New York', 'Boston', 1, 106400, '2023-06-03 14:10:16', '2023-06-03 14:10:16', 0),
       (1677231730420330496, 2, 'New York', 'Boston', 2, 66300, '2023-06-03 14:10:16', '2023-06-03 14:10:16', 0),
       (1677231730432913408, 2, 'San Francisco', 'Boston', 0, 44900, '2023-06-03 14:10:16', '2023-06-03 14:10:16', 0),
       (1677231730449690624, 2, 'San Francisco', 'Boston', 1, 21200, '2023-06-03 14:10:16', '2023-06-03 14:10:16', 0),
       (1677231730466467840, 2, 'San Francisco', 'Boston', 2, 11700, '2023-06-03 14:10:16', '2023-06-03 14:10:16', 0),
       (1677591290215301120, 3, 'New York', 'Chicago', 3, 7500, '2023-07-08 16:11:46', '2023-07-08 16:11:46', 0),
       (1677591290257244160, 3, 'New York', 'Chicago', 4, 15300, '2023-07-08 16:11:46', '2023-07-08 16:11:46', 0),
       (1677591290286604288, 3, 'New York', 'Chicago', 5, 13000, '2023-07-08 16:11:46', '2023-07-08 16:11:46', 0),
       (1677591290307575808, 3, 'New York', 'Chicago', 13, 7500, '2023-07-08 16:11:46', '2023-07-08 16:11:46', 0),
       (1677591290328547328, 3, 'New York', 'San Francisco', 3, 23300, '2023-07-08 16:11:46', '2023-07-08 16:11:46', 0),
       (1677591290349518848, 3, 'New York', 'San Francisco', 4, 44300, '2023-07-08 16:11:46', '2023-07-08 16:11:46', 0),
       (1677591290362101760, 3, 'New York', 'San Francisco', 5, 37700, '2023-07-08 16:11:46', '2023-07-08 16:11:46', 0),
       (1677591290374684672, 3, 'New York', 'San Francisco', 13, 23300, '2023-07-08 16:11:46', '2023-07-08 16:11:46', 0),
       (1677591290391461888, 3, 'New York', 'Washington D.C.', 3, 30900, '2023-07-08 16:11:46', '2023-07-08 16:11:46', 0),
       (1677591290404044800, 3, 'New York', 'Washington D.C.', 4, 58700, '2023-07-08 16:11:46', '2023-07-08 16:11:46', 0),
       (1677591290416627712, 3, 'New York', 'Washington D.C.', 5, 49900, '2023-07-08 16:11:46', '2023-07-08 16:11:46', 0),
       (1677591290429210624, 3, 'New York', 'Washington D.C.', 13, 30900, '2023-07-08 16:11:46', '2023-07-08 16:11:46', 0),
       (1677591290441793536, 3, 'New York', 'Denver', 3, 31500, '2023-07-08 16:11:46', '2023-07-08 16:11:46', 0),
       (1677591290458570752, 3, 'New York', 'Denver', 4, 59700, '2023-07-08 16:11:46', '2023-07-08 16:11:46', 0),
       (1677591290483736576, 3, 'New York', 'Denver', 5, 50800, '2023-07-08 16:11:46', '2023-07-08 16:11:46', 0),
       (1677591290496319488, 3, 'New York', 'Denver', 13, 31500, '2023-07-08 16:11:46', '2023-07-08 16:11:46', 0),
       (1677591290508902400, 3, 'New York', 'Los Angeles', 3, 32800, '2023-07-08 16:11:46', '2023-07-08 16:11:46', 0),
       (1677591290521485312, 3, 'New York', 'Los Angeles', 4, 62200, '2023-07-08 16:11:46', '2023-07-08 16:11:46', 0),
       (1677591290529873920, 3, 'New York', 'Los Angeles', 5, 52900, '2023-07-08 16:11:46', '2023-07-08 16:11:46', 0),
       (1677591290542456832, 3, 'New York', 'Los Angeles', 13, 32800, '2023-07-08 16:11:46', '2023-07-08 16:11:46', 0),
       (1677591290555039744, 3, 'Chicago', 'San Francisco', 3, 15700, '2023-07-08 16:11:46', '2023-07-08 16:11:46', 0),
       (1677591290571816960, 3, 'Chicago', 'San Francisco', 4, 29900, '2023-07-08 16:11:46', '2023-07-08 16:11:46', 0),
       (1677591290584399872, 3, 'Chicago', 'San Francisco', 5, 25400, '2023-07-08 16:11:46', '2023-07-08 16:11:46', 0),
       (1677591290596982784, 3, 'Chicago', 'San Francisco', 13, 15700, '2023-07-08 16:11:46', '2023-07-08 16:11:46', 0),
       (1677591290609565696, 3, 'Chicago', 'Washington D.C.', 3, 23300, '2023-07-08 16:11:46', '2023-07-08 16:11:46', 0),
       (1677591290622148608, 3, 'Chicago', 'Washington D.C.', 4, 44300, '2023-07-08 16:11:46', '2023-07-08 16:11:46', 0),
       (1677591290634731520, 3, 'Chicago', 'Washington D.C.', 5, 37700, '2023-07-08 16:11:46', '2023-07-08 16:11:46', 0),
       (1677591290647314432, 3, 'Chicago', 'Washington D.C.', 13, 23300, '2023-07-08 16:11:46', '2023-07-08 16:11:46', 0),
       (1677591290664091648, 3, 'Chicago', 'Denver', 3, 23900, '2023-07-08 16:11:46', '2023-07-08 16:11:46', 0),
       (1677591290680868864, 3, 'Chicago', 'Denver', 4, 45400, '2023-07-08 16:11:46', '2023-07-08 16:11:46', 0),
       (1677591290689257472, 3, 'Chicago', 'Denver', 5, 38600, '2023-07-08 16:11:46', '2023-07-08 16:11:46', 0),
       (1677591290701840384, 3, 'Chicago', 'Denver', 13, 23900, '2023-07-08 16:11:46', '2023-07-08 16:11:46', 0),
       (1677591290714423296, 3, 'Chicago', 'Los Angeles', 3, 25200, '2023-07-08 16:11:46', '2023-07-08 16:11:46', 0),
       (1677591290727006208, 3, 'Chicago', 'Los Angeles', 4, 47800, '2023-07-08 16:11:46', '2023-07-08 16:11:46', 0),
       (1677591290735394816, 3, 'Chicago', 'Los Angeles', 5, 40700, '2023-07-08 16:11:46', '2023-07-08 16:11:46', 0),
       (1677591290747977728, 3, 'Chicago', 'Los Angeles', 13, 25200, '2023-07-08 16:11:46', '2023-07-08 16:11:46', 0),
       (1677591290756366336, 3, 'San Francisco', 'Washington D.C.', 3, 7600, '2023-07-08 16:11:46', '2023-07-08 16:11:46', 0),
       (1677591290768949248, 3, 'San Francisco', 'Washington D.C.', 4, 15300, '2023-07-08 16:11:46', '2023-07-08 16:11:46', 0),
       (1677591290785726464, 3, 'San Francisco', 'Washington D.C.', 5, 13000, '2023-07-08 16:11:46', '2023-07-08 16:11:46', 0),
       (1677591290794115072, 3, 'San Francisco', 'Washington D.C.', 13, 7600, '2023-07-08 16:11:46', '2023-07-08 16:11:46', 0),
       (1677591290806697984, 3, 'San Francisco', 'Denver', 3, 8100, '2023-07-08 16:11:46', '2023-07-08 16:11:46', 0),
       (1677591290815086592, 3, 'San Francisco', 'Denver', 4, 15500, '2023-07-08 16:11:46', '2023-07-08 16:11:46', 0),
       (1677591290827669504, 3, 'San Francisco', 'Denver', 5, 13200, '2023-07-08 16:11:46', '2023-07-08 16:11:46', 0),
       (1677591290840252416, 3, 'San Francisco', 'Denver', 13, 8100, '2023-07-08 16:11:46', '2023-07-08 16:11:46', 0),
       (1677591290848641024, 3, 'San Francisco', 'Los Angeles', 3, 9400, '2023-07-08 16:11:46', '2023-07-08 16:11:46', 0),
       (1677591290861223936, 3, 'San Francisco', 'Los Angeles', 4, 17900, '2023-07-08 16:11:46', '2023-07-08 16:11:46', 0),
       (1677591290869612544, 3, 'San Francisco', 'Los Angeles', 5, 15300, '2023-07-08 16:11:46', '2023-07-08 16:11:46', 0),
       (1677591290882195456, 3, 'San Francisco', 'Los Angeles', 13, 9400, '2023-07-08 16:11:46', '2023-07-08 16:11:46', 0),
       (1677591290903166976, 3, 'Washington D.C.', 'Denver', 3, 600, '2023-07-08 16:11:46', '2023-07-08 16:11:46', 0),
       (1677591290915749888, 3, 'Washington D.C.', 'Denver', 4, 15300, '2023-07-08 16:11:46', '2023-07-08 16:11:46', 0),
       (1677591290928332800, 3, 'Washington D.C.', 'Denver', 5, 13000, '2023-07-08 16:11:46', '2023-07-08 16:11:46', 0),
       (1677591290940915712, 3, 'Washington D.C.', 'Denver', 13, 600, '2023-07-08 16:11:46', '2023-07-08 16:11:46', 0),
       (1677591290953498624, 3, 'Washington D.C.', 'Los Angeles', 3, 1900, '2023-07-08 16:11:46', '2023-07-08 16:11:46', 0),
       (1677591290970275840, 3, 'Washington D.C.', 'Los Angeles', 4, 15300, '2023-07-08 16:11:46', '2023-07-08 16:11:46', 0),
       (1677591290987053056, 3, 'Washington D.C.', 'Los Angeles', 5, 13000, '2023-07-08 16:11:46', '2023-07-08 16:11:46', 0),
       (1677591290999635968, 3, 'Washington D.C.', 'Los Angeles', 13, 1900, '2023-07-08 16:11:46', '2023-07-08 16:11:46', 0),
       (1677591291008024576, 3, 'Denver', 'Los Angeles', 3, 1300, '2023-07-08 16:11:46', '2023-07-08 16:11:46', 0),
       (1677591291020607488, 3, 'Denver', 'Los Angeles', 4, 15300, '2023-07-08 16:11:46', '2023-07-08 16:11:46', 0),
       (1677591291037384704, 3, 'Denver', 'Los Angeles', 5, 13000, '2023-07-08 16:11:46', '2023-07-08 16:11:46', 0),
       (1677591291049967616, 3, 'Denver', 'Los Angeles', 13, 1300, '2023-07-08 16:11:46', '2023-07-08 16:11:46', 0),
       (1677692017258078208, 4, 'New York', 'Boston', 6, 32800, '2023-07-08 22:52:02', '2023-07-08 22:52:02', 0),
       (1677692017308409856, 4, 'New York', 'Boston', 7, 6220, '2023-07-08 22:52:02', '2023-07-08 22:52:02', 0),
       (1677692017337769984, 4, 'New York', 'Boston', 8, 52900, '2023-07-08 22:52:02', '2023-07-08 22:52:02', 0),
       (1677692017354547200, 4, 'New York', 'Boston', 13, 32800, '2023-07-08 22:52:02', '2023-07-08 22:52:02', 0);

INSERT INTO `t_train_station_relation` (`id`, `train_id`, `departure`, `arrival`, `departure_flag`, `arrival_flag`, 
                                        `departure_time`, `arrival_time`, `create_time`, `update_time`, `del_flag`)
VALUES (1665025584123056128, 1, 'New York', 'Chicago', 1, 0, '2025-06-01 09:56:00', '2025-06-01 11:19:00',
        '2023-06-04 00:00:09', '2023-06-04 00:00:09', 0),
       (1665025584177582080, 1, 'New York', 'San Francisco', 1, 0, '2025-06-01 09:56:00', '2025-06-01 13:20:00',
        '2023-06-04 00:00:09', '2023-06-04 00:00:09', 0),
       (1665025584206942208, 1, 'New York', 'Boston', 1, 0, '2025-06-01 09:56:00', '2025-06-01 14:26:00',
        '2023-06-04 00:00:09', '2023-06-04 00:00:09', 0),
       (1665025584236302336, 1, 'New York', 'Philadelphia', 1, 1, '2025-06-01 09:56:00', '2025-06-01 15:14:00',
        '2023-06-04 00:00:09', '2023-06-04 00:00:09', 0),
       (1665025584261468160, 1, 'Chicago', 'San Francisco', 0, 0, '2025-06-01 11:19:00', '2025-06-01 15:14:00',
        '2023-06-04 00:00:09', '2023-06-04 00:00:09', 0),
       (1665025584282439680, 1, 'Chicago', 'Boston', 0, 0, '2025-06-01 11:19:00', '2025-06-01 14:26:00',
        '2023-06-04 00:00:09', '2023-06-04 00:00:09', 0),
       (1665025584307605504, 1, 'Chicago', 'Philadelphia', 0, 1, '2025-06-01 11:19:00', '2025-06-01 15:14:00',
        '2023-06-04 00:00:09', '2023-06-04 00:00:09', 0),
       (1665025584332771328, 1, 'San Francisco', 'Boston', 0, 0, '2025-06-01 13:20:00', '2025-06-01 14:26:00',
        '2023-06-04 00:00:09', '2023-06-04 00:00:09', 0),
       (1665025584357937152, 1, 'San Francisco', 'Philadelphia', 0, 1, '2025-06-01 13:20:00', '2025-06-01 15:14:00',
        '2023-06-04 00:00:09', '2023-06-04 00:00:09', 0),
       (1665025584378908672, 1, 'Boston', 'Philadelphia', 0, 1, '2025-06-01 14:26:00', '2025-06-01 15:14:00',
        '2023-06-04 00:00:09', '2023-06-04 00:00:09', 0),
       (1677241394371317760, 2, 'New York', 'San Francisco', 1, 0, '2025-06-01 19:04:00', '2025-06-01 22:17:00',
        '2023-07-07 17:01:25', '2023-07-07 17:01:25', 0),
       (1677241394434232320, 2, 'New York', 'Boston', 1, 1, '2025-06-01 19:04:00', '2025-06-01 23:22:00',
        '2023-07-07 17:01:25', '2023-07-07 17:01:25', 0),
       (1677241394463592448, 2, 'San Francisco', 'Boston', 0, 1, '2025-06-01 22:20:00', '2025-06-01 23:22:00',
        '2023-07-07 17:01:25', '2023-07-07 17:01:25', 0),
       (1677579889368797184, 3, 'New York', 'Chicago', 1, 0, '2025-06-01 19:16:00', '2025-06-01 22:19:00',
        '2023-07-08 15:26:28', '2023-07-08 15:26:28', 0),
       (1677579889440100352, 3, 'New York', 'San Francisco', 1, 0, '2025-06-01 19:16:00', '2025-06-02 04:46:00',
        '2023-07-08 15:26:28', '2023-07-08 15:26:28', 0),
       (1677579889461071872, 3, 'New York', 'Washington D.C.', 1, 0, '2025-06-01 19:16:00', '2025-06-02 07:56:00',
        '2023-07-08 15:26:28', '2023-07-08 15:26:28', 0),
       (1677579889473654784, 3, 'New York', 'Denver', 1, 0, '2025-06-01 19:16:00', '2025-06-02 08:14:00',
        '2023-07-08 15:26:28', '2023-07-08 15:26:28', 0),
       (1677579889503014912, 3, 'New York', 'Los Angeles', 1, 1, '2025-06-01 19:16:00', '2025-06-02 09:00:00',
        '2023-07-08 15:26:28', '2023-07-08 15:26:28', 0),
       (1677579889515597824, 3, 'Chicago', 'San Francisco', 0, 0, '2025-06-01 22:21:00', '2025-06-02 04:46:00',
        '2023-07-08 15:26:28', '2023-07-08 15:26:28', 0),
       (1677579889528180736, 3, 'Chicago', 'Washington D.C.', 0, 0, '2025-06-01 22:21:00', '2025-06-02 07:56:00',
        '2023-07-08 15:26:28', '2023-07-08 15:26:28', 0),
       (1677579889540763648, 3, 'Chicago', 'Denver', 0, 0, '2025-06-01 22:21:00', '2025-06-02 08:14:00',
        '2023-07-08 15:26:28', '2023-07-08 15:26:28', 0),
       (1677579889557540864, 3, 'Chicago', 'Los Angeles', 0, 1, '2025-06-01 22:21:00', '2025-06-02 09:00:00',
        '2023-07-08 15:26:28', '2023-07-08 15:26:28', 0),
       (1677579889570123776, 3, 'San Francisco', 'Washington D.C.', 0, 0, '2025-06-02 04:52:00', '2025-06-02 07:56:00',
        '2023-07-08 15:26:28', '2023-07-08 15:26:28', 0),
       (1677579889582706688, 3, 'San Francisco', 'Denver', 0, 0, '2025-06-02 04:52:00', '2025-06-02 08:14:00',
        '2023-07-08 15:26:28', '2023-07-08 15:26:28', 0),
       (1677579889595289600, 3, 'San Francisco', 'Los Angeles', 0, 1, '2025-06-02 04:52:00', '2025-06-02 09:00:00',
        '2023-07-08 15:26:28', '2023-07-08 15:26:28', 0),
       (1677579889607872512, 3, 'Washington D.C.', 'Denver', 0, 0, '2025-06-02 07:58:00', '2025-06-02 08:14:00',
        '2023-07-08 15:26:28', '2023-07-08 15:26:28', 0),
       (1677579889620455424, 3, 'Washington D.C.', 'Los Angeles', 0, 1, '2025-06-02 07:58:00', '2025-06-02 09:00:00',
        '2023-07-08 15:26:28', '2023-07-08 15:26:28', 0),
       (1677579889633038336, 3, 'Denver', 'Los Angeles', 0, 1, '2025-06-02 08:16:00', '2025-06-02 09:00:00',
        '2023-07-08 15:26:28', '2023-07-08 15:26:28', 0),
       (1677689610742865920, 4, 'New York', 'Boston', 1, 1, '2025-06-01 18:56:00', '2025-06-01 18:56:00',
        '2023-07-08 22:42:28', '2023-07-08 22:42:28', 0);



